Genbank Query;;;;;;;;;;;;;
"(""Symbiodinium""[Organism] OR ""Symbiodiniaceae""[Organism]) AND (""28S""[All Fields] OR ""large subunit""[All Fields] OR ""LSU""[All Fields]) AND (""Caribbean""[All Fields])";;;;;;;;;;;;;
returned 185 records;;;;;;;;;;;;;
;;;;;;;;;;;;;
Definition;Accession Number;Genus/formerly clade;species;Host genus/species;Region;Site;Sub-site;Latitude;Longitude;Collection date;Publication DOI;;Notes
Symbiodinium sp. CCMP2455 18S rRNA gene, 5.8S rRNA gene, 28S rRNA gene, ITS1 and ITS2, strain CCMP2455.;LK934673;NA;NA;NA;NA;NA;NA;NA;NA;NA;NA;NA;Failed metadata pipeline selection
"Symbiodinium sp. B1i isolate BR_22 5.8S ribosomal RNA gene, partial sequence; internal transcribed spacer 2, complete sequence; and 28S ribosomal RNA gene, partial sequence.";GU907636;Symbiodinium;B1i;Pseudopterogorgia americana;NA;NA;NA;NA;NA;NA;https://link.springer.com/article/10.1007/s00248-010-9681-y#citeas;https://doi.org/10.1007/s00248-010-9681-y;Failed metadata pipeline selection
"Symbiodinium sp. B1d isolate BEL02_54 5.8S ribosomal RNA gene, partial sequence; internal transcribed spacer 2, complete sequence; and 28S ribosomal RNA gene, partial sequence.";GU907633;Symbiodinium;B1d;Millepora;NA;NA;NA;NA;NA;NA;https://link.springer.com/article/10.1007/s00248-010-9681-y#citeas;https://doi.org/10.1007/s00248-010-9681-y;Failed metadata pipeline selection
Symbiodinium sp. F 28S rRNA gene (partial) and ITS2 (partial), isolate PC258_1661x.;AJ621143;formerly clade F;NA;Sorites;Panama;Bocas del Toro;NA;NA;NA;NA;https://link.springer.com/article/10.1007/s00227-004-1427-2#citeas;https://doi.org/10.1007/s00227-004-1427-2;Failed metadata pipeline selection
Symbiodinium sp. F 28S rRNA gene (partial) and ITS2 (partial), isolate PC261_1664x.;AJ621144;formerly clade F;NA;Sorites;Panama;Bocas del Toro;NA;NA;NA;NA;https://link.springer.com/article/10.1007/s00227-004-1427-2#citeas;https://doi.org/10.1007/s00227-004-1427-3;Failed metadata pipeline selection
Symbiodinium sp. F 28S rRNA gene (partial) and ITS2 (partial), isolate PC257_1660x.;AJ621142;formerly clade F;NA;Sorites;Panama;Bocas del Toro;NA;NA;NA;NA;https://link.springer.com/article/10.1007/s00227-004-1427-2#citeas;https://doi.org/10.1007/s00227-004-1427-4;Failed metadata pipeline selection
Symbiodinium sp. F 28S rRNA gene (partial) and ITS2 (partial), isolate PC253_1656x.;AJ621141;formerly clade F;NA;Sorites;Panama;Bocas del Toro;NA;NA;NA;NA;https://link.springer.com/article/10.1007/s00227-004-1427-2#citeas;https://doi.org/10.1007/s00227-004-1427-5;Failed metadata pipeline selection
Symbiodinium sp. F 28S rRNA gene (partial) and ITS2 (partial), isolate PC247_1649x.;AJ621140;formerly clade F;NA;Sorites;Panama;Bocas del Toro;NA;NA;NA;NA;https://link.springer.com/article/10.1007/s00227-004-1427-2#citeas;https://doi.org/10.1007/s00227-004-1427-6;Failed metadata pipeline selection
Symbiodinium sp. F 28S rRNA gene (partial) and ITS2 (partial), isolate PC244_1646x.;AJ621139;formerly clade F;NA;Sorites;Panama;Bocas del Toro;NA;NA;NA;NA;https://link.springer.com/article/10.1007/s00227-004-1427-2#citeas;https://doi.org/10.1007/s00227-004-1427-7;Failed metadata pipeline selection
Symbiodinium sp. F 28S rRNA gene (partial) and ITS2 (partial), isolate PC234_1636x.;AJ621138;formerly clade F;NA;Sorites;Panama;Bocas del Toro;NA;NA;NA;NA;https://link.springer.com/article/10.1007/s00227-004-1427-2#citeas;https://doi.org/10.1007/s00227-004-1427-8;Failed metadata pipeline selection
Symbiodinium sp. F 28S rRNA gene (partial) and ITS2 (partial), isolate PC230_1632x.;AJ621137;formerly clade F;NA;Sorites;Panama;Bocas del Toro;NA;NA;NA;NA;https://link.springer.com/article/10.1007/s00227-004-1427-2#citeas;https://doi.org/10.1007/s00227-004-1427-9;Failed metadata pipeline selection
Symbiodinium sp. F 28S rRNA gene (partial) and ITS2 (partial), isolate PC229_1630x.;AJ621136;formerly clade F;NA;Sorites;Panama;Bocas del Toro;NA;NA;NA;NA;https://link.springer.com/article/10.1007/s00227-004-1427-2#citeas;https://doi.org/10.1007/s00227-004-1427-10;Failed metadata pipeline selection
Symbiodinium sp. F 28S rRNA gene (partial) and ITS2 (partial), isolate PC227_1628x.;AJ621135;formerly clade F;NA;Sorites;Panama;Bocas del Toro;NA;NA;NA;NA;https://link.springer.com/article/10.1007/s00227-004-1427-2#citeas;https://doi.org/10.1007/s00227-004-1427-11;Failed metadata pipeline selection
Symbiodinium sp. H 28S rRNA gene (partial) and ITS2 (partial), isolate PC263_1666x.;AJ621134;formerly clade H;NA;Sorites;Panama;Bocas del Toro;NA;NA;NA;NA;https://link.springer.com/article/10.1007/s00227-004-1427-2#citeas;https://doi.org/10.1007/s00227-004-1427-12;Failed metadata pipeline selection
Symbiodinium sp. H 28S rRNA gene (partial) and ITS2 (partial), isolate PC259_1662x.;AJ621133;formerly clade H;NA;Sorites;Panama;Bocas del Toro;NA;NA;NA;NA;https://link.springer.com/article/10.1007/s00227-004-1427-2#citeas;https://doi.org/10.1007/s00227-004-1427-13;Failed metadata pipeline selection
Symbiodinium sp. H 28S rRNA gene (partial) and ITS2 (partial), isolate PC256_1659x.;AJ621132;formerly clade H;NA;Sorites;Panama;Bocas del Toro;NA;NA;NA;NA;https://link.springer.com/article/10.1007/s00227-004-1427-2#citeas;https://doi.org/10.1007/s00227-004-1427-14;Failed metadata pipeline selection
Symbiodinium sp. H 28S rRNA gene (partial) and ITS2 (partial), isolate PC251_1653x.;AJ621131;formerly clade H;NA;Sorites;Panama;Bocas del Toro;NA;NA;NA;NA;https://link.springer.com/article/10.1007/s00227-004-1427-2#citeas;https://doi.org/10.1007/s00227-004-1427-15;Failed metadata pipeline selection
"Symbiodinium sp. isolate 37EF-29PS 5.8S ribosomal RNA gene, partial sequence; internal transcribed spacer 2, complete sequence; and large subunit ribosomal RNA gene, partial sequence.";KX344965;Breviolum;B41b;Eunicea flexuosa;NA;NA;NA;NA;NA;NA;https://journals.plos.org/plosone/article?id=10.1371/journal.pone.0171032;https://doi.org/10.1371/journal.pone.0171032;Failed metadata pipeline selection
Symbiodinium sp. type C isolate caga1 24S large subunit ribosomal RNA gene, partial sequence.;AY074942;Cladocopium;NA;Agaricis fragilis;NA;NA;NA;NA;NA;NA;https://www.int-res.com/abstracts/meps/v244/p17-26/;10.3354/meps244017;Failed metadata pipeline selection
"Uncultured Symbiodinium isolate C1 clone 40 small subunit ribosomal RNA gene, partial sequence; internal transcribed spacer 1, 5.8S ribosomal RNA gene, and internal transcribed spacer 2, complete sequence; and large subunit ribosomal RNA gene, partial sequence.";OQ440796;Cladocopium;C1;NA;NA;NA;NA;NA;NA;NA;https://nsuworks.nova.edu/hcas_etd_all/116/;;Failed metadata pipeline selection
"Uncultured Symbiodinium isolate C1 clone 39 small subunit ribosomal RNA gene, partial sequence; internal transcribed spacer 1, 5.8S ribosomal RNA gene, and internal transcribed spacer 2, complete sequence; and large subunit ribosomal RNA gene, partial sequence.";OQ440795;Cladocopium;C1;NA;NA;NA;NA;NA;NA;NA;https://nsuworks.nova.edu/hcas_etd_all/116/;;Failed metadata pipeline selection
"Uncultured Symbiodinium isolate C1 clone 35 small subunit ribosomal RNA gene, partial sequence; internal transcribed spacer 1, 5.8S ribosomal RNA gene, and internal transcribed spacer 2, complete sequence; and large subunit ribosomal RNA gene, partial sequence.";OQ440792;Cladocopium;C1;NA;NA;NA;NA;NA;NA;NA;https://nsuworks.nova.edu/hcas_etd_all/116/;;Failed metadata pipeline selection
"Uncultured Symbiodinium isolate C1 clone 34 small subunit ribosomal RNA gene, partial sequence; internal transcribed spacer 1, 5.8S ribosomal RNA gene, and internal transcribed spacer 2, complete sequence; and large subunit ribosomal RNA gene, partial sequence.";OQ440791;Cladocopium;C1;NA;NA;NA;NA;NA;NA;NA;https://nsuworks.nova.edu/hcas_etd_all/116/;;Failed metadata pipeline selection
"Uncultured Symbiodinium isolate C1 clone 27 small subunit ribosomal RNA gene, partial sequence; internal transcribed spacer 1, 5.8S ribosomal RNA gene, and internal transcribed spacer 2, complete sequence; and large subunit ribosomal RNA gene, partial sequence.";OQ440790;Cladocopium;C1;NA;NA;NA;NA;NA;NA;NA;https://nsuworks.nova.edu/hcas_etd_all/116/;;Failed metadata pipeline selection
"Uncultured Symbiodinium isolate C1 clone 25 internal transcribed spacer 1, partial sequence; 5.8S ribosomal RNA gene and internal transcribed spacer 2, complete sequence; and large subunit ribosomal RNA gene, partial sequence.";OQ440789;Cladocopium;C1;NA;NA;NA;NA;NA;NA;NA;https://nsuworks.nova.edu/hcas_etd_all/116/;;Failed metadata pipeline selection
"Uncultured Symbiodinium isolate C1 clone 21 internal transcribed spacer 1, partial sequence; 5.8S ribosomal RNA gene and internal transcribed spacer 2, complete sequence; and large subunit ribosomal RNA gene, partial sequence.";OQ440787;Cladocopium;C1;NA;NA;NA;NA;NA;NA;NA;https://nsuworks.nova.edu/hcas_etd_all/116/;;Failed metadata pipeline selection
"Uncultured Symbiodinium isolate C1 clone 20 small subunit ribosomal RNA gene, partial sequence; internal transcribed spacer 1, 5.8S ribosomal RNA gene, and internal transcribed spacer 2, complete sequence; and large subunit ribosomal RNA gene, partial sequence.";OQ440786;Cladocopium;C1;NA;NA;NA;NA;NA;NA;NA;https://nsuworks.nova.edu/hcas_etd_all/116/;;Failed metadata pipeline selection
"Uncultured Symbiodinium isolate C1 clone 19 small subunit ribosomal RNA gene, partial sequence; internal transcribed spacer 1, 5.8S ribosomal RNA gene, and internal transcribed spacer 2, complete sequence; and large subunit ribosomal RNA gene, partial sequence.";OQ440785;Cladocopium;C1;NA;NA;NA;NA;NA;NA;NA;https://nsuworks.nova.edu/hcas_etd_all/116/;;Failed metadata pipeline selection
"Uncultured Symbiodinium isolate C1 clone 17 small subunit ribosomal RNA gene, partial sequence; internal transcribed spacer 1, 5.8S ribosomal RNA gene, and internal transcribed spacer 2, complete sequence; and large subunit ribosomal RNA gene, partial sequence.";OQ440783;Cladocopium;C1;NA;NA;NA;NA;NA;NA;NA;https://nsuworks.nova.edu/hcas_etd_all/116/;;Failed metadata pipeline selection
"Uncultured Symbiodinium isolate C1 clone 16 small subunit ribosomal RNA gene, partial sequence; internal transcribed spacer 1, 5.8S ribosomal RNA gene, and internal transcribed spacer 2, complete sequence; and large subunit ribosomal RNA gene, partial sequence.";OQ440782;Cladocopium;C1;NA;NA;NA;NA;NA;NA;NA;https://nsuworks.nova.edu/hcas_etd_all/116/;;Failed metadata pipeline selection
"Uncultured Symbiodinium isolate C1 clone 11 small subunit ribosomal RNA gene, partial sequence; internal transcribed spacer 1, 5.8S ribosomal RNA gene, and internal transcribed spacer 2, complete sequence; and large subunit ribosomal RNA gene, partial sequence.";OQ440781;Cladocopium;C1;NA;NA;NA;NA;NA;NA;NA;https://nsuworks.nova.edu/hcas_etd_all/116/;;Failed metadata pipeline selection
"Uncultured Symbiodinium isolate C1 clone 41 small subunit ribosomal RNA gene, partial sequence; internal transcribed spacer 1, 5.8S ribosomal RNA gene, and internal transcribed spacer 2, complete sequence; and large subunit ribosomal RNA gene, partial sequence.";OQ440780;Cladocopium;C1;NA;NA;NA;NA;NA;NA;NA;https://nsuworks.nova.edu/hcas_etd_all/116/;;Failed metadata pipeline selection
"Uncultured Symbiodinium isolate C1 clone 5 small subunit ribosomal RNA gene, partial sequence; internal transcribed spacer 1, 5.8S ribosomal RNA gene, and internal transcribed spacer 2, complete sequence; and large subunit ribosomal RNA gene, partial sequence.";OQ440776;Cladocopium;C1;NA;NA;NA;NA;NA;NA;NA;https://nsuworks.nova.edu/hcas_etd_all/116/;;Failed metadata pipeline selection
"Uncultured Symbiodinium isolate C1 clone 4 internal transcribed spacer 1, partial sequence; 5.8S ribosomal RNA gene and internal transcribed spacer 2, complete sequence; and large subunit ribosomal RNA gene, partial sequence.";OQ440775;Cladocopium;C1;NA;NA;NA;NA;NA;NA;NA;https://nsuworks.nova.edu/hcas_etd_all/116/;;Failed metadata pipeline selection
"Symbiodinium sp. B42 5.8S ribosomal RNA gene, partial sequence; internal transcribed spacer 2, complete sequence; and large subunit ribosomal RNA gene, partial sequence.";KX344981;Breviolum;B42;Pseudoplexaura porosa;Mexico ;Puerto Morelos;NA;20°52?5.23?N;86°51?58.92?W;NA;https://link.springer.com/article/10.1007/s00227-016-3008-6;https://doi.org/10.1007/s00227-016-3008-6;Failed metadata pipeline selection
"Symbiodinium sp. isolate 11ET-29PS 5.8S ribosomal RNA gene, partial sequence; internal transcribed spacer 2, complete sequence; and large subunit ribosomal RNA gene, partial sequence.";KX344963;Breviolum;B41;Eunicea tourneforti;Mexico;NA;NA;NA;NA;NA;https://pubmed.ncbi.nlm.nih.gov/28152002/;https://doi.org/10.1371/journal.pone.0171032;Failed metadata pipeline selection
Symbiodinium pseudominutum strain rt146 28S ribosomal RNA gene, partial sequence.;KT149350;Breviolum;pseudominutum;Oculina diffusa;Bermuda;NA;NA;NA;NA;NA;https://onlinelibrary.wiley.com/doi/full/10.1111/jpy.12340;https://doi.org/10.1111/jpy.12340;Failed metadata pipeline selection
Symbiodinium endomadracis isolate Cur09_145 28S ribosomal RNA gene, partial sequence.;KT149348;Breviolum;endomadracis;Madracis spp.;Curacao;NA;NA;NA;NA;NA;https://pubmed.ncbi.nlm.nih.gov/26986882/;https://doi.org/10.1111/jpy.12340;Failed metadata pipeline selection
Symbiodinium endomadracis isolate Bar85 28S ribosomal RNA gene, partial sequence.;KT149347;Breviolum;endomadracis;Madracis spp.;Barbados;NA;NA;NA;NA;NA;https://pubmed.ncbi.nlm.nih.gov/26986882/;https://doi.org/10.1111/jpy.12341;Failed metadata pipeline selection
Symbiodinium aenigmaticum strain mac04_180 28S ribosomal RNA gene, partial sequence.;KT149345;Breviolum;aenigamaticum;Porites astreoides;Florida;Florida keys;NA;NA;NA;NA;https://pubmed.ncbi.nlm.nih.gov/26986882/;https://doi.org/10.1111/jpy.12342;Failed metadata pipeline selection
Symbiodinium sp. TLJ-2015c strain CCMP 2469 28S ribosomal RNA gene, partial sequence.;KP114226;Symbiodinium;necroappetens (formery A13);Orbicella spp.;Jamaica;Discovery Bay ;;"18°27'59""N";"77°24'03""W";NA;https://www.tandfonline.com/doi/full/10.1080/09670262.2015.1025857;https://doi.org/10.1080/09670262.2015.1025857;Failed metadata pipeline selection
"Symbiodinium sp. clade B isolate IK-17 5.8S ribosomal RNA gene, partial sequence; internal transcribed spacer 2, complete sequence; and 28S ribosomal RNA gene, partial sequence.";EF428337;Breviolum;NA;NA;NA;NA;NA;NA;NA;NA;https://aslopubs.onlinelibrary.wiley.com/doi/abs/10.4319/lo.2008.53.5.1853;https://doi.org/10.4319/lo.2008.53.5.1853;Failed metadata pipeline selection
"Symbiodinium sp. clade B isolate IM-06 5.8S ribosomal RNA gene, partial sequence; internal transcribed spacer 2, complete sequence; and 28S ribosomal RNA gene, partial sequence.";EF428336;Breviolum;NA;NA;NA;NA;NA;NA;NA;NA;https://aslopubs.onlinelibrary.wiley.com/doi/abs/10.4319/lo.2008.53.5.1853;https://doi.org/10.4319/lo.2008.53.5.1853;Failed metadata pipeline selection
"Symbiodinium sp. clade B isolate IM-01 5.8S ribosomal RNA gene, partial sequence; internal transcribed spacer 2, complete sequence; and 28S ribosomal RNA gene, partial sequence.";EF428335;Breviolum;NA;NA;NA;NA;NA;NA;NA;NA;https://aslopubs.onlinelibrary.wiley.com/doi/abs/10.4319/lo.2008.53.5.1853;https://doi.org/10.4319/lo.2008.53.5.1853;Failed metadata pipeline selection
"Symbiodinium sp. Helioseris/C.N8 5.8S ribosomal RNA gene, partial sequence; internal transcribed spacer 2, complete sequence; and 28S ribosomal RNA gene, partial sequence.";KF551192;NA;NA;NA;Curacao;NA;NA;NA;NA;NA;https://link.springer.com/article/10.1186/1471-2148-13-205#citeas;https://doi.org/10.1186/1471-2148-13-205;Failed metadata pipeline selection
"Symbiodinium sp. Agaricia/C3.N7 5.8S ribosomal RNA gene, partial sequence; internal transcribed spacer 2, complete sequence; and 28S ribosomal RNA gene, partial sequence.";KF551191;NA;NA;NA;Curacao;NA;NA;NA;NA;NA;https://link.springer.com/article/10.1186/1471-2148-13-205#citeas;https://doi.org/10.1186/1471-2148-13-206;Failed metadata pipeline selection
"Symbiodinium sp. Agaricia/C3.N6 5.8S ribosomal RNA gene, partial sequence; internal transcribed spacer 2, complete sequence; and 28S ribosomal RNA gene, partial sequence.";KF551190;NA;NA;NA;Curacao;NA;NA;NA;NA;NA;https://link.springer.com/article/10.1186/1471-2148-13-205#citeas;https://doi.org/10.1186/1471-2148-13-207;Failed metadata pipeline selection
"Symbiodinium sp. Agaricia/C3.N5 5.8S ribosomal RNA gene, partial sequence; internal transcribed spacer 2, complete sequence; and 28S ribosomal RNA gene, partial sequence.";KF551189;NA;NA;NA;Curacao;NA;NA;NA;NA;NA;https://link.springer.com/article/10.1186/1471-2148-13-205#citeas;https://doi.org/10.1186/1471-2148-13-208;Failed metadata pipeline selection
"Symbiodinium sp. Agaricia/C11.N4 5.8S ribosomal RNA gene, partial sequence; internal transcribed spacer 2, complete sequence; and 28S ribosomal RNA gene, partial sequence.";KF551188;NA;NA;NA;Curacao;NA;NA;NA;NA;NA;https://link.springer.com/article/10.1186/1471-2148-13-205#citeas;https://doi.org/10.1186/1471-2148-13-209;Failed metadata pipeline selection
"Symbiodinium sp. Agaricia/C3.N3 5.8S ribosomal RNA gene, partial sequence; internal transcribed spacer 2, complete sequence; and 28S ribosomal RNA gene, partial sequence.";KF551187;NA;NA;NA;Curacao;NA;NA;NA;NA;NA;https://link.springer.com/article/10.1186/1471-2148-13-205#citeas;https://doi.org/10.1186/1471-2148-13-210;Failed metadata pipeline selection
"Symbiodinium sp. Agaricia/C3.N2 5.8S ribosomal RNA gene, partial sequence; internal transcribed spacer 2, complete sequence; and 28S ribosomal RNA gene, partial sequence.";KF551186;NA;NA;NA;Curacao;NA;NA;NA;NA;NA;https://link.springer.com/article/10.1186/1471-2148-13-205#citeas;https://doi.org/10.1186/1471-2148-13-211;Failed metadata pipeline selection
"Symbiodinium sp. Agaricia/C3b.N1 5.8S ribosomal RNA gene, partial sequence; internal transcribed spacer 2, complete sequence; and 28S ribosomal RNA gene, partial sequence.";KF551185;NA;NA;NA;Curacao;NA;NA;NA;NA;NA;https://link.springer.com/article/10.1186/1471-2148-13-205#citeas;https://doi.org/10.1186/1471-2148-13-212;Failed metadata pipeline selection
"Symbiodinium sp. type D1a 5.8S ribosomal RNA gene, partial sequence; internal transcribed spacer 2, complete sequence; and 28S ribosomal RNA gene, partial sequence.";GQ268420;Durusdinium;D1a;Orbicella faveolata;Bahamas;Exuma Cays;North Norman;23.7912°N;76.1368°W;2004;https://journals.plos.org/plosone/article?id=10.1371/journal.pone.0006262;https://doi.org/10.1371/journal.pone.0006262;Record already included in first query
"Symbiodinium sp. type D1a 5.8S ribosomal RNA gene, partial sequence; internal transcribed spacer 2, complete sequence; and 28S ribosomal RNA gene, partial sequence.";GQ268419;Durusdinium;D1a;Orbicella faveolata;Bahamas;Exuma Cays;North Norman;23.7912°N;76.1368°W;2005;https://journals.plos.org/plosone/article?id=10.1371/journal.pone.0006262;https://doi.org/10.1371/journal.pone.0006262;Record already included in first query
"Symbiodinium sp. type C12 5.8S ribosomal RNA gene, partial sequence; internal transcribed spacer 2, complete sequence; and 28S ribosomal RNA gene, partial sequence.";GQ268418;Cladocopium;C12;Orbicella faveolata;Bahamas;Exuma Cays;North Norman;23.7912°N;76.1368°W;2003-2005;https://journals.plos.org/plosone/article?id=10.1371/journal.pone.0006262;https://doi.org/10.1371/journal.pone.0006262;Record already included in first query
"Symbiodinium sp. type C3 5.8S ribosomal RNA gene, partial sequence; internal transcribed spacer 2, complete sequence; and 28S ribosomal RNA gene, partial sequence.";GQ268417;Cladocopium;C3;Orbicella annularis;Florida;Florida keys;Admiral patch;25.0446°N;80.3945°W;2003-2005;https://journals.plos.org/plosone/article?id=10.1371/journal.pone.0006262;https://doi.org/10.1371/journal.pone.0006262;Failed metadata pipeline selection
"Symbiodinium sp. type B10 5.8S ribosomal RNA gene, partial sequence; internal transcribed spacer 2, complete sequence; and 28S ribosomal RNA gene, partial sequence.";GQ268416;Breviolum;B10;Orbicella annularis;Florida;Florida keys;little Grecian;25.1188°N;80.3016°W;2003-2005;https://journals.plos.org/plosone/article?id=10.1371/journal.pone.0006262;https://doi.org/10.1371/journal.pone.0006262;Failed metadata pipeline selection
"Symbiodinium sp. type B1 5.8S ribosomal RNA gene, partial sequence; internal transcribed spacer 2, complete sequence; and 28S ribosomal RNA gene, partial sequence.";GQ268415;Breviolum;B1;Orbicella annularis;Florida;Florida keys;Admiral patch;25.0446°N;80.3945°W;2003-2005;https://journals.plos.org/plosone/article?id=10.1371/journal.pone.0006262;https://doi.org/10.1371/journal.pone.0006262;Failed metadata pipeline selection
"Symbiodinium sp. clade B isolate PBD0004 18S ribosomal RNA gene, partial sequence; internal transcribed spacer 1, 5.8S ribosomal RNA gene, and internal transcribed spacer 2, complete sequence; and 28S ribosomal RNA gene, partial sequence.";AY894812;Breviolum;NA;Pseudopterogorgia bipinnata;NA;NA;NA;NA;NA;NA;NA;NA;Failed metadata pipeline selection
"Symbiodinium sp. clade A isolate PBC0003 18S ribosomal RNA gene, partial sequence; internal transcribed spacer 1, 5.8S ribosomal RNA gene, and internal transcribed spacer 2, complete sequence; and 28S ribosomal RNA gene, partial sequence.";AY894811;Symbiodinium;NA;Pseudopterogorgia bipinnata;NA;NA;NA;NA;NA;NA;NA;NA;Failed metadata pipeline selection
"Symbiodinium sp. clade B isolate PBB0002 18S ribosomal RNA gene, partial sequence; internal transcribed spacer 1, 5.8S ribosomal RNA gene, and internal transcribed spacer 2, complete sequence; and 28S ribosomal RNA gene, partial sequence.";AY894810;Breviolum;NA;Pseudopterogorgia bipinnata;NA;NA;NA;NA;NA;NA;NA;NA;Failed metadata pipeline selection
"Symbiodinium sp. clade B isolate PBA0001 18S ribosomal RNA gene, partial sequence; internal transcribed spacer 1, 5.8S ribosomal RNA gene, and internal transcribed spacer 2, complete sequence; and 28S ribosomal RNA gene, partial sequence.";AY894809;Breviolum;NA;Pseudopterogorgia bipinnata;NA;NA;NA;NA;NA;NA;NA;NA;Failed metadata pipeline selection
"Symbiodinium sp. clade G strain S.sh1CCARSA2 5.8S ribosomal RNA gene, partial sequence; internal transcribed spacer 2, complete sequence; and 28S ribosomal RNA gene, partial sequence.";EF134623;Gerakladium;NA;Cliona caribbaea;NA;NA;NA;NA;NA;NA;https://www.sciencedirect.com/science/article/pii/S1055790308003801?via%3Dihub;https://doi.org/10.1016/j.ympev.2008.07.023;Failed metadata pipeline selection
"Symbiodinium sp. clade G strain S.sh1CCARSA 5.8S ribosomal RNA gene, partial sequence; internal transcribed spacer 2, complete sequence; and 28S ribosomal RNA gene, partial sequence.";EF134622;Gerakladium;NA;Cliona caribbaea;NA;NA;NA;NA;NA;NA;https://www.sciencedirect.com/science/article/pii/S1055790308003801?via%3Dihub;https://doi.org/10.1016/j.ympev.2008.07.023;Failed metadata pipeline selection
"Symbiodinium sp. clade G strain S.sh1CVARSM 5.8S ribosomal RNA gene, partial sequence; internal transcribed spacer 2, complete sequence; and 28S ribosomal RNA gene, partial sequence.";EF134621;Gerakladium;NA;Cliona caribbaea;NA;NA;NA;NA;NA;NA;https://www.sciencedirect.com/science/article/pii/S1055790308003801?via%3Dihub;https://doi.org/10.1016/j.ympev.2008.07.023;Failed metadata pipeline selection
"Symbiodinium sp. clade B strain b7CAPRSM 5.8S ribosomal RNA gene, partial sequence; internal transcribed spacer 2, complete sequence; and 28S ribosomal RNA gene, partial sequence.";EF134620;Breviolum;NA;Cliona caribbaea;NA;NA;NA;NA;NA;NA;https://www.sciencedirect.com/science/article/pii/S1055790308003801?via%3Dihub;https://doi.org/10.1016/j.ympev.2008.07.023;Failed metadata pipeline selection
"Symbiodinium sp. clade B strain b13CAPRSB 5.8S ribosomal RNA gene, partial sequence; internal transcribed spacer 2, complete sequence; and 28S ribosomal RNA gene, partial sequence.";EF134619;Cladocopium;A4;Cliona caribbaea;NA;NA;NA;NA;NA;NA;https://www.sciencedirect.com/science/article/pii/S1055790308003801?via%3Dihub;https://doi.org/10.1016/j.ympev.2008.07.023;Failed metadata pipeline selection
"Symbiodinium sp. clade A4 strain a12CAPRSA 5.8S ribosomal RNA gene, partial sequence; internal transcribed spacer 2, complete sequence; and 28S ribosomal RNA gene, partial sequence.";EF134618;Cladocopium;A4;Cliona caribbaea;NA;NA;NA;NA;NA;NA;https://www.sciencedirect.com/science/article/pii/S1055790308003801?via%3Dihub;https://doi.org/10.1016/j.ympev.2008.07.023;Failed metadata pipeline selection
"Symbiodinium sp. clade A4 strain a11CAPRSA 5.8S ribosomal RNA gene, partial sequence; internal transcribed spacer 2, complete sequence; and 28S ribosomal RNA gene, partial sequence.";EF134617;Cladocopium;A4;Cliona caribbaea;NA;NA;NA;NA;NA;NA;https://www.sciencedirect.com/science/article/pii/S1055790308003801?via%3Dihub;https://doi.org/10.1016/j.ympev.2008.07.023;Failed metadata pipeline selection
"Symbiodinium sp. clade A4 strain a8CCARC 5.8S ribosomal RNA gene, partial sequence; internal transcribed spacer 2, complete sequence; and 28S ribosomal RNA gene, partial sequence.";EF134616;Cladocopium;A4;Cliona caribbaea;NA;NA;NA;NA;NA;NA;https://www.sciencedirect.com/science/article/pii/S1055790308003801?via%3Dihub;https://doi.org/10.1016/j.ympev.2008.07.023;Failed metadata pipeline selection
"Symbiodinium sp. clade A4 strain a6CTENC 5.8S ribosomal RNA gene, partial sequence; internal transcribed spacer 2, complete sequence; and 28S ribosomal RNA gene, partial sequence.";EF134615;Cladocopium;A4;Cliona caribbaea;NA;NA;NA;NA;NA;NA;https://www.sciencedirect.com/science/article/pii/S1055790308003801?via%3Dihub;https://doi.org/10.1016/j.ympev.2008.07.023;Failed metadata pipeline selection
"Symbiodinium sp. clade A4 strain a5CTENC 5.8S ribosomal RNA gene, partial sequence; internal transcribed spacer 2, complete sequence; and 28S ribosomal RNA gene, partial sequence.";EF134614;Cladocopium;A4;Cliona caribbaea;NA;NA;NA;NA;NA;NA;https://www.sciencedirect.com/science/article/pii/S1055790308003801?via%3Dihub;https://doi.org/10.1016/j.ympev.2008.07.023;Failed metadata pipeline selection
"Symbiodinium sp. clade A4 strain a4CTENC 5.8S ribosomal RNA gene, partial sequence; internal transcribed spacer 2, complete sequence; and 28S ribosomal RNA gene, partial sequence.";EF134613;Cladocopium;A4;Cliona caribbaea;NA;NA;NA;NA;NA;NA;https://www.sciencedirect.com/science/article/pii/S1055790308003801?via%3Dihub;https://doi.org/10.1016/j.ympev.2008.07.023;Failed metadata pipeline selection
"Symbiodinium sp. clade A4 strain a3CAPRSM 5.8S ribosomal RNA gene, partial sequence; internal transcribed spacer 2, complete sequence; and 28S ribosomal RNA gene, partial sequence.";EF134612;Cladocopium;A4;Cliona caribbaea;NA;NA;NA;NA;NA;NA;https://www.sciencedirect.com/science/article/pii/S1055790308003801?via%3Dihub;https://doi.org/10.1016/j.ympev.2008.07.023;Failed metadata pipeline selection
"Symbiodinium sp. clade A4 strain a10CAPRSB 5.8S ribosomal RNA gene, partial sequence; internal transcribed spacer 2, complete sequence; and 28S ribosomal RNA gene, partial sequence.";EF134611;Cladocopium;A4;Cliona caribbaea;NA;NA;NA;NA;NA;NA;https://www.sciencedirect.com/science/article/pii/S1055790308003801?via%3Dihub;https://doi.org/10.1016/j.ympev.2008.07.023;Failed metadata pipeline selection
"Symbiodinium sp. B14 5.8S ribosomal RNA gene, partial sequence; internal transcribed spacer 2, complete sequence; and large subunit ribosomal RNA gene, partial sequence.";AY239362;Breviolum;B14;NA;NA;NA;NA;NA;NA;NA;https://aslopubs.onlinelibrary.wiley.com/doi/abs/10.4319/lo.2003.48.5.2046;https://doi.org/10.4319/lo.2003.48.5.2046;Failed metadata pipeline selection
"Symbiodinium sp. B11 5.8S ribosomal RNA gene, partial sequence; internal transcribed spacer 2, complete sequence; and large subunit ribosomal RNA gene, partial sequence.";AY239361;Breviolum;B11;NA;NA;NA;NA;NA;NA;NA;https://aslopubs.onlinelibrary.wiley.com/doi/abs/10.4319/lo.2003.48.5.2046;https://doi.org/10.4319/lo.2003.48.5.2046;Failed metadata pipeline selection
"Symbiodinium sp. A7 5.8S ribosomal RNA gene, partial sequence; internal transcribed spacer 2, complete sequence; and large subunit ribosomal RNA gene, partial sequence.";AY239360;Symbiodinium;A7;NA;NA;NA;NA;NA;NA;NA;https://aslopubs.onlinelibrary.wiley.com/doi/abs/10.4319/lo.2003.48.5.2046;https://doi.org/10.4319/lo.2003.48.5.2046;Failed metadata pipeline selection
"Uncultured Symbiodinium clone A4_P3 5.8S ribosomal RNA gene, partial sequence; internal transcribed spacer 2, complete sequence; and 24S large subunit ribosomal RNA gene, partial sequence.";EU139607;Symbiodinium;A4 (clone);NA;NA;NA;NA;NA;NA;NA;https://journals.plos.org/plosone/article?id=10.1371/journal.pone.0002160;https://doi.org/10.1371/journal.pone.0002160;Failed metadata pipeline selection
Symbiodinium sp. A7 large subunit ribosomal RNA gene, partial sequence.;AY239388;Symbiodinium;A7;NA;NA;NA;NA;NA;NA;NA;https://aslopubs.onlinelibrary.wiley.com/doi/abs/10.4319/lo.2003.48.5.2046;https://doi.org/10.4319/lo.2003.48.5.2046;Failed metadata pipeline selection
Symbiodinium sp. 21 large subunit ribosomal RNA gene, partial sequence.;AY239382;Symbiodinium;NA;NA;NA;NA;NA;NA;NA;NA;https://aslopubs.onlinelibrary.wiley.com/doi/abs/10.4319/lo.2003.48.5.2046;https://doi.org/10.4319/lo.2003.48.5.2046;Failed metadata pipeline selection
Symbiodinium sp. clade D isolate A013 large subunit ribosomal RNA gene, partial sequence.;FJ626954;Durusdinium;NA;Porites annae;NA;NA;NA;NA;NA;NA;https://link.springer.com/article/10.1007/s00227-009-1263-5;https://doi.org/10.1007/s00227-009-1263-5;Failed metadata pipeline selection
Symbiodinium sp. clade D isolate A008 large subunit ribosomal RNA gene, partial sequence.;FJ626953;Durusdinium;NA;Acropora spp;NA;NA;NA;NA;NA;NA;https://link.springer.com/article/10.1007/s00227-009-1263-5;https://doi.org/10.1007/s00227-009-1263-5;Failed metadata pipeline selection
Symbiodinium sp. clade B isolate 703 large subunit ribosomal RNA gene, partial sequence.;FJ626952;Breviolum;NA;Plexaura kuna;NA;NA;NA;NA;NA;NA;https://link.springer.com/article/10.1007/s00227-009-1263-5;https://doi.org/10.1007/s00227-009-1263-5;Failed metadata pipeline selection
"Symbiodinium sp. D1a 5.8S ribosomal RNA gene, partial sequence; internal transcribed spacer 2, complete sequence; and 24S large subunit ribosomal RNA gene, partial sequence.";AF499802;Durusdinium;D1a;-;-;-;-;-;-;-;https://link.springer.com/article/10.1007/S00227-002-0829-2;https://doi.org/10.1007/s00227-002-0829-2;Record already included in first query
"Symbiodinium sp. C12 5.8S ribosomal RNA gene, partial sequence; internal transcribed spacer 2, complete sequence; and 24S large subunit ribosomal RNA gene, partial sequence.";AF499801;Cladocopium;C12;-;-;-;-;-;-;-;https://link.springer.com/article/10.1007/S00227-002-0829-2;https://doi.org/10.1007/s00227-002-0829-2;Record already included in first query
"Symbiodinium sp. C11 5.8S ribosomal RNA gene, partial sequence; internal transcribed spacer 2, complete sequence; and 24S large subunit ribosomal RNA gene, partial sequence.";AF499800;Cladocopium;C11;-;-;-;-;-;-;-;https://link.springer.com/article/10.1007/S00227-002-0829-2;https://doi.org/10.1007/s00227-002-0829-2;Record already included in first query
"Symbiodinium sp. C10 5.8S ribosomal RNA gene, partial sequence; internal transcribed spacer 2, complete sequence; and 24S large subunit ribosomal RNA gene, partial sequence.";AF499799;Cladocopium;C10;-;-;-;-;-;-;-;https://link.springer.com/article/10.1007/S00227-002-0829-2;https://doi.org/10.1007/s00227-002-0829-2;Record already included in first query
"Symbiodinium sp. C9 5.8S ribosomal RNA gene, partial sequence; internal transcribed spacer 2, complete sequence; and 24S large subunit ribosomal RNA gene, partial sequence.";AF499798;Cladocopium;C9;-;-;-;-;-;-;-;https://link.springer.com/article/10.1007/S00227-002-0829-2;https://doi.org/10.1007/s00227-002-0829-2;Record already included in first query
"Symbiodinium sp. C7 5.8S ribosomal RNA gene, partial sequence; internal transcribed spacer 2, complete sequence; and 24S large subunit ribosomal RNA gene, partial sequence.";AF499797;Cladocopium;C7;-;-;-;-;-;-;-;https://link.springer.com/article/10.1007/S00227-002-0829-2;https://doi.org/10.1007/s00227-002-0829-2;Record already included in first query
"Symbiodinium sp. C6 5.8S ribosomal RNA gene, partial sequence; internal transcribed spacer 2, complete sequence; and 24S large subunit ribosomal RNA gene, partial sequence.";AF499796;Cladocopium;C6;-;-;-;-;-;-;-;https://link.springer.com/article/10.1007/S00227-002-0829-2;https://doi.org/10.1007/s00227-002-0829-2;Record already included in first query
"Symbiodinium sp. C5 5.8S ribosomal RNA gene, partial sequence; internal transcribed spacer 2, complete sequence; and 24S large subunit ribosomal RNA gene, partial sequence.";AF499795;Cladocopium;C5;-;-;-;-;-;-;-;https://link.springer.com/article/10.1007/S00227-002-0829-2;https://doi.org/10.1007/s00227-002-0829-2;Record already included in first query
"Symbiodinium sp. C4 5.8S ribosomal RNA gene, partial sequence; internal transcribed spacer 2, complete sequence; and 24S large subunit ribosomal RNA gene, partial sequence.";AF499794;Cladocopium;C4;-;-;-;-;-;-;-;https://link.springer.com/article/10.1007/S00227-002-0829-2;https://doi.org/10.1007/s00227-002-0829-2;Record already included in first query
"Symbiodinium sp. C3e 5.8S ribosomal RNA gene, partial sequence; internal transcribed spacer 2, complete sequence; and 24S large subunit ribosomal RNA gene, partial sequence.";AF499793;Cladocopium;C3e;-;-;-;-;-;-;-;https://link.springer.com/article/10.1007/S00227-002-0829-2;https://doi.org/10.1007/s00227-002-0829-2;Record already included in first query
"Symbiodinium sp. C3d 5.8S ribosomal RNA gene, partial sequence; internal transcribed spacer 2, complete sequence; and 24S large subunit ribosomal RNA gene, partial sequence.";AF499792;Cladocopium;C3d;-;-;-;-;-;-;-;https://link.springer.com/article/10.1007/S00227-002-0829-2;https://doi.org/10.1007/s00227-002-0829-2;Record already included in first query
"Symbiodinium sp. C3b 5.8S ribosomal RNA gene, partial sequence; internal transcribed spacer 2, complete sequence; and 24S large subunit ribosomal RNA gene, partial sequence.";AF499791;Cladocopium;C3b;-;-;-;-;-;-;-;https://link.springer.com/article/10.1007/S00227-002-0829-2;https://doi.org/10.1007/s00227-002-0829-2;Record already included in first query
"Symbiodinium sp. C3a 5.8S ribosomal RNA gene, partial sequence; internal transcribed spacer 2, complete sequence; and 24S large subunit ribosomal RNA gene, partial sequence.";AF499790;Cladocopium;C3a;-;-;-;-;-;-;-;https://link.springer.com/article/10.1007/S00227-002-0829-2;https://doi.org/10.1007/s00227-002-0829-2;Record already included in first query
"Symbiodinium sp. C3 5.8S ribosomal RNA gene, partial sequence; internal transcribed spacer 2, complete sequence; and 24S large subunit ribosomal RNA gene, partial sequence.";AF499789;Cladocopium;C3;-;-;-;-;-;-;-;https://link.springer.com/article/10.1007/S00227-002-0829-2;https://doi.org/10.1007/s00227-002-0829-2;Record already included in first query
"Symbiodinium sp. C1a 5.8S ribosomal RNA gene, partial sequence; internal transcribed spacer 2, complete sequence; and 24S large subunit ribosomal RNA gene, partial sequence.";AF499788;Cladocopium;C1a;-;-;-;-;-;-;-;https://link.springer.com/article/10.1007/S00227-002-0829-2;https://doi.org/10.1007/s00227-002-0829-2;Record already included in first query
"Symbiodinium sp. B10 5.8S ribosomal RNA gene, partial sequence; internal transcribed spacer 2, complete sequence; and 24S large subunit ribosomal RNA gene, partial sequence.";AF499787;Breviolum;B10;-;-;-;-;-;-;-;https://link.springer.com/article/10.1007/S00227-002-0829-2;https://doi.org/10.1007/s00227-002-0829-2;Record already included in first query
"Symbiodinium sp. B9 5.8S ribosomal RNA gene, partial sequence; internal transcribed spacer 2, complete sequence; and 24S large subunit ribosomal RNA gene, partial sequence.";AF499786;Breviolum;B9;-;-;-;-;-;-;-;https://link.springer.com/article/10.1007/S00227-002-0829-2;https://doi.org/10.1007/s00227-002-0829-2;Record already included in first query
"Symbiodinium sp. B8 5.8S ribosomal RNA gene, partial sequence; internal transcribed spacer 2, complete sequence; and 24S large subunit ribosomal RNA gene, partial sequence.";AF499785;Breviolum;B8;-;-;-;-;-;-;-;https://link.springer.com/article/10.1007/S00227-002-0829-2;https://doi.org/10.1007/s00227-002-0829-2;Record already included in first query
"Symbiodinium sp. B7 5.8S ribosomal RNA gene, partial sequence; internal transcribed spacer 2, complete sequence; and 24S large subunit ribosomal RNA gene, partial sequence.";AF499784;Breviolum;B7;-;-;-;-;-;-;-;https://link.springer.com/article/10.1007/S00227-002-0829-2;https://doi.org/10.1007/s00227-002-0829-2;Record already included in first query
"Symbiodinium sp. B6 5.8S ribosomal RNA gene, partial sequence; internal transcribed spacer 2, complete sequence; and 24S large subunit ribosomal RNA gene, partial sequence.";AF499783;Breviolum;B6;-;-;-;-;-;-;-;https://link.springer.com/article/10.1007/S00227-002-0829-2;https://doi.org/10.1007/s00227-002-0829-2;Record already included in first query
"Symbiodinium sp. B5a 5.8S ribosomal RNA gene, partial sequence; internal transcribed spacer 2, complete sequence; and 24S large subunit ribosomal RNA gene, partial sequence.";AF499782;Breviolum;B5a;-;-;-;-;-;-;-;https://link.springer.com/article/10.1007/S00227-002-0829-2;https://doi.org/10.1007/s00227-002-0829-2;Record already included in first query
"Symbiodinium sp. B5 5.8S ribosomal RNA gene, partial sequence; internal transcribed spacer 2, complete sequence; and 24S large subunit ribosomal RNA gene, partial sequence.";AF499781;Breviolum;B5a;-;-;-;-;-;-;-;https://link.springer.com/article/10.1007/S00227-002-0829-2;https://doi.org/10.1007/s00227-002-0829-2;Record already included in first query
"Symbiodinium sp. B1b 5.8S ribosomal RNA gene, partial sequence; internal transcribed spacer 2, complete sequence; and 24S large subunit ribosomal RNA gene, partial sequence.";AF499780;Breviolum;B1b;-;-;-;-;-;-;-;https://link.springer.com/article/10.1007/S00227-002-0829-2;https://doi.org/10.1007/s00227-002-0829-2;Record already included in first query
"Symbiodinium sp. B1a 5.8S ribosomal RNA gene, partial sequence; internal transcribed spacer 2, complete sequence; and 24S large subunit ribosomal RNA gene, partial sequence.";AF499779;Breviolum;B1a;-;-;-;-;-;-;-;https://link.springer.com/article/10.1007/S00227-002-0829-2;https://doi.org/10.1007/s00227-002-0829-2;Record already included in first query
"Symbiodinium sp. A4a 5.8S ribosomal RNA gene, partial sequence; internal transcribed spacer 2, complete sequence; and 24S large subunit ribosomal RNA gene, partial sequence.";AF499778;Symbiodinium;A4a;-;-;-;-;-;-;-;https://link.springer.com/article/10.1007/S00227-002-0829-2;https://doi.org/10.1007/s00227-002-0829-2;Record already included in first query
Symbiodinium sp. type C2 24S large subunit ribosomal RNA gene, partial sequence.;U63482;Cladocopium;C2;Acropora cervicornis;NA;NA;NA;NA;NA;NA;Baker AC, Rowan R, Knowlton N (1997) Symbiosis ecology of twoCaribbean acroporid corals. Proc 8th Int. Coral Reef Symp2:1295:1300;;Failed metadata pipeline selection
Symbiodinium sp. type C1 24S large subunit ribosomal RNA gene, partial sequence.;U63481;Cladocopium;C1;Acropora cervicornis;NA;NA;NA;NA;NA;NA;Baker AC, Rowan R, Knowlton N (1997) Symbiosis ecology of twoCaribbean acroporid corals. Proc 8th Int. Coral Reef Symp2:1295:1300;;Failed metadata pipeline selection
Symbiodinium sp. type A 24S large subunit ribosomal RNA gene, partial sequence.;U63480;Symbiodinium;NA;Acropora cervicornis;NA;NA;NA;NA;NA;NA;Baker AC, Rowan R, Knowlton N (1997) Symbiosis ecology of twoCaribbean acroporid corals. Proc 8th Int. Coral Reef Symp2:1295:1300;;Failed metadata pipeline selection
Symbiodinium sp. type C 24S large subunit ribosomal RNA gene, partial sequence.;U63485;Cladocopium;NA;Acropora cervicornis;NA;NA;NA;NA;NA;NA;Baker AC, Rowan R, Knowlton N (1997) Symbiosis ecology of twoCaribbean acroporid corals. Proc 8th Int. Coral Reef Symp2:1295:1300;;Failed metadata pipeline selection
Symbiodinium sp. type B 24S large subunit ribosomal RNA gene, partial sequence.;U63484;Breviolum;NA;Aiptasia pallida;NA;NA;NA;NA;NA;NA;Baker AC, Rowan R, Knowlton N (1997) Symbiosis ecology of twoCaribbean acroporid corals. Proc 8th Int. Coral Reef Symp2:1295:1300;;Failed metadata pipeline selection
Symbiodinium microadriaticum 24S large subunit ribosomal RNA gene, partial sequence.;U63483;Symbiodinium;microadriaticum;Cassiopeia xamachana;NA;NA;NA;NA;NA;NA;Baker AC, Rowan R, Knowlton N (1997) Symbiosis ecology of twoCaribbean acroporid corals. Proc 8th Int. Coral Reef Symp2:1295:1300;;Failed metadata pipeline selection
Symbiodinium psygmophilum strain PurPFlex 28S ribosomal RNA gene, partial sequence.;KT149351;Breviolum;minutum;NA;NA;NA;NA;NA;NA;NA;https://onlinelibrary.wiley.com/doi/full/10.1111/jpy.12340;https://doi.org/10.1111/jpy.12340;Failed metadata pipeline selection
Symbiodinium minutum strain Mf1.05b 28S ribosomal RNA gene, partial sequence.;KT149349;Breviolum;minutum;NA;NA;NA;NA;NA;NA;NA;https://onlinelibrary.wiley.com/doi/full/10.1111/jpy.12340;https://doi.org/10.1111/jpy.12340;Failed metadata pipeline selection
Symbiodinium antillogorgium strain mac08_689 28S ribosomal RNA gene, partial sequence.;KT149346;Breviolum;antillogorgium;NA;NA;NA;NA;NA;NA;NA;https://onlinelibrary.wiley.com/doi/full/10.1111/jpy.12340;https://doi.org/10.1111/jpy.12340;Failed metadata pipeline selection
"Symbiodinium sp. clade C isolate IK-15 5.8S ribosomal RNA gene, partial sequence; internal transcribed spacer 2, complete sequence; and 28S ribosomal RNA gene, partial sequence.";EF428343;Cladocopium;NA;NA;NA;NA;NA;NA;NA;NA;https://aslopubs.onlinelibrary.wiley.com/doi/abs/10.4319/lo.2008.53.5.1853;https://doi.org/10.4319/lo.2008.53.5.1853;Failed metadata pipeline selection
"Symbiodinium sp. clade C isolate IK-11 5.8S ribosomal RNA gene, partial sequence; internal transcribed spacer 2, complete sequence; and 28S ribosomal RNA gene, partial sequence.";EF428342;Cladocopium;NA;NA;NA;NA;NA;NA;NA;NA;https://aslopubs.onlinelibrary.wiley.com/doi/abs/10.4319/lo.2008.53.5.1853;https://doi.org/10.4319/lo.2008.53.5.1853;Failed metadata pipeline selection
"Symbiodinium sp. clade C isolate IM-27 5.8S ribosomal RNA gene, partial sequence; internal transcribed spacer 2, complete sequence; and 28S ribosomal RNA gene, partial sequence.";EF428341;Cladocopium;NA;NA;NA;NA;NA;NA;NA;NA;https://aslopubs.onlinelibrary.wiley.com/doi/abs/10.4319/lo.2008.53.5.1853;https://doi.org/10.4319/lo.2008.53.5.1853;Failed metadata pipeline selection
"Symbiodinium sp. clade C isolate IK-02 5.8S ribosomal RNA gene, partial sequence; internal transcribed spacer 2, complete sequence; and 28S ribosomal RNA gene, partial sequence.";EF428340;Cladocopium;NA;NA;NA;NA;NA;NA;NA;NA;https://aslopubs.onlinelibrary.wiley.com/doi/abs/10.4319/lo.2008.53.5.1853;https://doi.org/10.4319/lo.2008.53.5.1853;Failed metadata pipeline selection
"Symbiodinium sp. clade C isolate IK-03 5.8S ribosomal RNA gene, partial sequence; internal transcribed spacer 2, complete sequence; and 28S ribosomal RNA gene, partial sequence.";EF428339;Cladocopium;NA;NA;NA;NA;NA;NA;NA;NA;https://aslopubs.onlinelibrary.wiley.com/doi/abs/10.4319/lo.2008.53.5.1853;https://doi.org/10.4319/lo.2008.53.5.1853;Failed metadata pipeline selection
"Symbiodinium sp. clade C isolate IK-16 5.8S ribosomal RNA gene, partial sequence; internal transcribed spacer 2, complete sequence; and 28S ribosomal RNA gene, partial sequence.";EF428338;Cladocopium;NA;NA;NA;NA;NA;NA;NA;NA;https://aslopubs.onlinelibrary.wiley.com/doi/abs/10.4319/lo.2008.53.5.1853;https://doi.org/10.4319/lo.2008.53.5.1853;Failed metadata pipeline selection
"Symbiodinium sp. C28 5.8S ribosomal RNA gene, partial sequence; internal transcribed spacer 2, complete sequence; and large subunit ribosomal RNA gene, partial sequence.";AY239380;Cladocopium;C28;NA;NA;NA;NA;NA;NA;NA;https://aslopubs.onlinelibrary.wiley.com/doi/abs/10.4319/lo.2003.48.5.2046;https://doi.org/10.4319/lo.2003.48.5.2046;Failed metadata pipeline selection
"Symbiodinium sp. C27 5.8S ribosomal RNA gene, partial sequence; internal transcribed spacer 2, complete sequence; and large subunit ribosomal RNA gene, partial sequence.";AY239379;Cladocopium;C27;NA;NA;NA;NA;NA;NA;NA;https://aslopubs.onlinelibrary.wiley.com/doi/abs/10.4319/lo.2003.48.5.2046;https://doi.org/10.4319/lo.2003.48.5.2046;Failed metadata pipeline selection
"Symbiodinium sp. C26 5.8S ribosomal RNA gene, partial sequence; internal transcribed spacer 2, complete sequence; and large subunit ribosomal RNA gene, partial sequence.";AY239378;Cladocopium;C26;NA;NA;NA;NA;NA;NA;NA;https://aslopubs.onlinelibrary.wiley.com/doi/abs/10.4319/lo.2003.48.5.2046;https://doi.org/10.4319/lo.2003.48.5.2046;Failed metadata pipeline selection
"Symbiodinium sp. C25 5.8S ribosomal RNA gene, partial sequence; internal transcribed spacer 2, complete sequence; and large subunit ribosomal RNA gene, partial sequence.";AY239377;Cladocopium;C25;NA;NA;NA;NA;NA;NA;NA;https://aslopubs.onlinelibrary.wiley.com/doi/abs/10.4319/lo.2003.48.5.2046;https://doi.org/10.4319/lo.2003.48.5.2046;Failed metadata pipeline selection
"Symbiodinium sp. C24 5.8S ribosomal RNA gene, partial sequence; internal transcribed spacer 2, complete sequence; and large subunit ribosomal RNA gene, partial sequence.";AY239376;Cladocopium;C24;NA;NA;NA;NA;NA;NA;NA;https://aslopubs.onlinelibrary.wiley.com/doi/abs/10.4319/lo.2003.48.5.2046;https://doi.org/10.4319/lo.2003.48.5.2046;Failed metadata pipeline selection
"Symbiodinium sp. C23 5.8S ribosomal RNA gene, partial sequence; internal transcribed spacer 2, complete sequence; and large subunit ribosomal RNA gene, partial sequence.";AY239375;Cladocopium;C23;NA;NA;NA;NA;NA;NA;NA;https://aslopubs.onlinelibrary.wiley.com/doi/abs/10.4319/lo.2003.48.5.2046;https://doi.org/10.4319/lo.2003.48.5.2046;Failed metadata pipeline selection
"Symbiodinium sp. C22a 5.8S ribosomal RNA gene, partial sequence; internal transcribed spacer 2, complete sequence; and large subunit ribosomal RNA gene, partial sequence.";AY239374;Cladocopium;C22a;NA;NA;NA;NA;NA;NA;NA;https://aslopubs.onlinelibrary.wiley.com/doi/abs/10.4319/lo.2003.48.5.2046;https://doi.org/10.4319/lo.2003.48.5.2046;Failed metadata pipeline selection
"Symbiodinium sp. C22 5.8S ribosomal RNA gene, partial sequence; internal transcribed spacer 2, complete sequence; and large subunit ribosomal RNA gene, partial sequence.";AY239373;Cladocopium;C22a;NA;NA;NA;NA;NA;NA;NA;https://aslopubs.onlinelibrary.wiley.com/doi/abs/10.4319/lo.2003.48.5.2046;https://doi.org/10.4319/lo.2003.48.5.2046;Failed metadata pipeline selection
"Symbiodinium sp. C21 5.8S ribosomal RNA gene, partial sequence; internal transcribed spacer 2, complete sequence; and large subunit ribosomal RNA gene, partial sequence.";AY239372;Cladocopium;C21;NA;NA;NA;NA;NA;NA;NA;https://aslopubs.onlinelibrary.wiley.com/doi/abs/10.4319/lo.2003.48.5.2046;https://doi.org/10.4319/lo.2003.48.5.2046;Failed metadata pipeline selection
"Symbiodinium sp. C20 5.8S ribosomal RNA gene, partial sequence; internal transcribed spacer 2, complete sequence; and large subunit ribosomal RNA gene, partial sequence.";AY239371;Cladocopium;C20;NA;NA;NA;NA;NA;NA;NA;https://aslopubs.onlinelibrary.wiley.com/doi/abs/10.4319/lo.2003.48.5.2046;https://doi.org/10.4319/lo.2003.48.5.2046;Failed metadata pipeline selection
"Symbiodinium sp. C17 5.8S ribosomal RNA gene, partial sequence; internal transcribed spacer 2, complete sequence; and large subunit ribosomal RNA gene, partial sequence.";AY239370;Cladocopium;C17;NA;NA;NA;NA;NA;NA;NA;https://aslopubs.onlinelibrary.wiley.com/doi/abs/10.4319/lo.2003.48.5.2046;https://doi.org/10.4319/lo.2003.48.5.2046;Failed metadata pipeline selection
"Symbiodinium sp. C15 5.8S ribosomal RNA gene, partial sequence; internal transcribed spacer 2, complete sequence; and large subunit ribosomal RNA gene, partial sequence.";AY239369;Cladocopium;C15;NA;NA;NA;NA;NA;NA;NA;https://aslopubs.onlinelibrary.wiley.com/doi/abs/10.4319/lo.2003.48.5.2046;https://doi.org/10.4319/lo.2003.48.5.2046;Failed metadata pipeline selection
"Symbiodinium sp. C8a 5.8S ribosomal RNA gene, partial sequence; internal transcribed spacer 2, complete sequence; and large subunit ribosomal RNA gene, partial sequence.";AY239368;Cladocopium;C8a;NA;NA;NA;NA;NA;NA;NA;https://aslopubs.onlinelibrary.wiley.com/doi/abs/10.4319/lo.2003.48.5.2046;https://doi.org/10.4319/lo.2003.48.5.2046;Failed metadata pipeline selection
"Symbiodinium sp. C8 5.8S ribosomal RNA gene, partial sequence; internal transcribed spacer 2, complete sequence; and large subunit ribosomal RNA gene, partial sequence.";AY239367;Cladocopium;C8a;NA;NA;NA;NA;NA;NA;NA;https://aslopubs.onlinelibrary.wiley.com/doi/abs/10.4319/lo.2003.48.5.2046;https://doi.org/10.4319/lo.2003.48.5.2046;Failed metadata pipeline selection
"Symbiodinium sp. C3j 5.8S ribosomal RNA gene, partial sequence; internal transcribed spacer 2, complete sequence; and large subunit ribosomal RNA gene, partial sequence.";AY239366;Cladocopium;C3j;NA;NA;NA;NA;NA;NA;NA;https://aslopubs.onlinelibrary.wiley.com/doi/abs/10.4319/lo.2003.48.5.2046;https://doi.org/10.4319/lo.2003.48.5.2046;Failed metadata pipeline selection
"Symbiodinium sp. C3h 5.8S ribosomal RNA gene, partial sequence; internal transcribed spacer 2, complete sequence; and large subunit ribosomal RNA gene, partial sequence.";AY239365;Cladocopium;C3h;NA;NA;NA;NA;NA;NA;NA;https://aslopubs.onlinelibrary.wiley.com/doi/abs/10.4319/lo.2003.48.5.2046;https://doi.org/10.4319/lo.2003.48.5.2046;Failed metadata pipeline selection
"Symbiodinium sp. C1c 5.8S ribosomal RNA gene, partial sequence; internal transcribed spacer 2, complete sequence; and large subunit ribosomal RNA gene, partial sequence.";AY239364;Cladocopium;C1c;NA;NA;NA;NA;NA;NA;NA;https://aslopubs.onlinelibrary.wiley.com/doi/abs/10.4319/lo.2003.48.5.2046;https://doi.org/10.4319/lo.2003.48.5.2046;Failed metadata pipeline selection
"Symbiodinium sp. C1b 5.8S ribosomal RNA gene, partial sequence; internal transcribed spacer 2, complete sequence; and large subunit ribosomal RNA gene, partial sequence.";AY239363;Cladocopium;C1b;NA;NA;NA;NA;NA;NA;NA;https://aslopubs.onlinelibrary.wiley.com/doi/abs/10.4319/lo.2003.48.5.2046;https://doi.org/10.4319/lo.2003.48.5.2046;Failed metadata pipeline selection
"Breviolum sp. isolate PD-157 large subunit ribosomal RNA gene, partial sequence; chloroplast.";OR120047;Breviolum;NA;Plexaurella dichotoma;Florida;Florida keys;NA;NA;NA;2016;https://www.science.org/doi/10.1126/sciadv.adj6788;https://doi.org/10.1126/sciadv.adj6788;Failed metadata pipeline selection
"Breviolum sp. isolate PD-150 large subunit ribosomal RNA gene, partial sequence; chloroplast.";OR120046;Breviolum;NA;Plexaurella dichotoma;Florida;Florida keys;NA;NA;NA;2016;https://www.science.org/doi/10.1126/sciadv.adj6788;https://doi.org/10.1126/sciadv.adj6788;Failed metadata pipeline selection
"Breviolum sp. isolate ME_195 large subunit ribosomal RNA gene, partial sequence; chloroplast.";OR120045;Breviolum;NA;Muricea elongata;Florida;Florida keys;NA;NA;NA;2016;https://www.science.org/doi/10.1126/sciadv.adj6788;https://doi.org/10.1126/sciadv.adj6788;Failed metadata pipeline selection
"Breviolum sp. isolate ME_191 large subunit ribosomal RNA gene, partial sequence; chloroplast.";OR120044;Breviolum;NA;Muricea elongata;Florida;Florida keys;NA;NA;NA;2016;https://www.science.org/doi/10.1126/sciadv.adj6788;https://doi.org/10.1126/sciadv.adj6788;Failed metadata pipeline selection
"Breviolum sp. isolate ME_189 large subunit ribosomal RNA gene, partial sequence; chloroplast.";OR120043;Breviolum;NA;Muricea elongata;Florida;Florida keys;NA;NA;NA;2016;https://www.science.org/doi/10.1126/sciadv.adj6788;https://doi.org/10.1126/sciadv.adj6788;Failed metadata pipeline selection
"Breviolum sp. isolate ME_188 large subunit ribosomal RNA gene, partial sequence; chloroplast.";OR120042;Breviolum;NA;Muricea elongata;Florida;Florida keys;NA;NA;NA;2016;https://www.science.org/doi/10.1126/sciadv.adj6788;https://doi.org/10.1126/sciadv.adj6788;Failed metadata pipeline selection
"Breviolum sp. isolate MA-129 large subunit ribosomal RNA gene, partial sequence; chloroplast.";OR120041;Breviolum;NA;Muricea atlantica;Florida;Florida keys;NA;NA;NA;2016;https://www.science.org/doi/10.1126/sciadv.adj6788;https://doi.org/10.1126/sciadv.adj6788;Failed metadata pipeline selection
"Breviolum sp. isolate MA-127 large subunit ribosomal RNA gene, partial sequence; chloroplast.";OR120040;Breviolum;NA;Muricea atlantica;Florida;Florida keys;NA;NA;NA;2016;https://www.science.org/doi/10.1126/sciadv.adj6788;https://doi.org/10.1126/sciadv.adj6788;Failed metadata pipeline selection
"Breviolum sp. isolate MA-124 large subunit ribosomal RNA gene, partial sequence; chloroplast.";OR120039;Breviolum;NA;Muricea atlantica;Florida;Florida keys;NA;NA;NA;2016;https://www.science.org/doi/10.1126/sciadv.adj6788;https://doi.org/10.1126/sciadv.adj6788;Failed metadata pipeline selection
"Breviolum sp. isolate MA-123 large subunit ribosomal RNA gene, partial sequence; chloroplast.";OR120038;Breviolum;NA;Muricea atlantica;Florida;Florida keys;NA;NA;NA;2016;https://www.science.org/doi/10.1126/sciadv.adj6788;https://doi.org/10.1126/sciadv.adj6788;Failed metadata pipeline selection
"Breviolum sp. isolate MA-122 large subunit ribosomal RNA gene, partial sequence; chloroplast.";OR120037;Breviolum;NA;Muricea atlantica;Florida;Florida keys;NA;NA;NA;2016;https://www.science.org/doi/10.1126/sciadv.adj6788;https://doi.org/10.1126/sciadv.adj6788;Failed metadata pipeline selection
"Breviolum sp. isolate MA-120 large subunit ribosomal RNA gene, partial sequence; chloroplast.";OR120036;Breviolum;NA;Muricea atlantica;Florida;Florida keys;NA;NA;NA;2016;https://www.science.org/doi/10.1126/sciadv.adj6788;https://doi.org/10.1126/sciadv.adj6788;Failed metadata pipeline selection
"Breviolum sp. isolate MA-118 large subunit ribosomal RNA gene, partial sequence; chloroplast.";OR116439;Breviolum;NA;Muricea atlantica;Florida;Florida keys;NA;NA;NA;2016;https://www.science.org/doi/10.1126/sciadv.adj6788;https://doi.org/10.1126/sciadv.adj6788;Failed metadata pipeline selection
"Breviolum dendrogyrum voucher Bar05_117 large subunit ribosomal RNA gene, partial sequence; chloroplast.";MH745176;Breviolum;dendrogyrum;Dendrogyra cylindrus;Barbados;NA;NA;13.808539 N;59.641844 W;NA;https://onlinelibrary.wiley.com/doi/10.1111/jeu.12692;https://doi.org/10.1111/jeu.12692;Failed metadata pipeline selection
"Breviolum dendrogyrum voucher Cur_10182 large subunit ribosomal RNA gene, partial sequence; chloroplast.";MH745175;Breviolum;dendrogyrum;Dendrogyra cylindrus;Curacao;NA;NA;12.076364 N;68.864431 W;NA;https://onlinelibrary.wiley.com/doi/10.1111/jeu.12692;https://doi.org/10.1111/jeu.12692;Failed metadata pipeline selection
"Breviolum dendrogyrum voucher Aq4 large subunit ribosomal RNA gene, partial sequence; chloroplast.";MH745174;Breviolum;dendrogyrum;Dendrogyra cylindrus;Curacao;NA;NA;12.083278 N;68.895319 W;NA;https://onlinelibrary.wiley.com/doi/10.1111/jeu.12692;https://doi.org/10.1111/jeu.12692;Failed metadata pipeline selection
"Breviolum dendrogyrum voucher Be02_68 large subunit ribosomal RNA gene, partial sequence; chloroplast.";MH745173;Breviolum;dendrogyrum;Dendrogyra cylindrus;Belize;NA;NA;16.802714 N;88.080664 W;NA;https://onlinelibrary.wiley.com/doi/10.1111/jeu.12692;https://doi.org/10.1111/jeu.12692;Failed metadata pipeline selection
"Breviolum meandrinium voucher PM99_13 large subunit ribosomal RNA gene, partial sequence; chloroplast.";MH745172;Breviolum;meandrinium;Dendrogyra cylindrus;Mexico;NA;NA;20.862794 N;86.867733 W;NA;https://onlinelibrary.wiley.com/doi/10.1111/jeu.12692;https://doi.org/10.1111/jeu.12692;Failed metadata pipeline selection
"Breviolum meandrinium voucher STX04_49 large subunit ribosomal RNA gene, partial sequence; chloroplast.";MH745171;Breviolum;meandrinium;Meandrina meandrites;Virgin island;NA;NA;17.688089 N;64.791742 W;NA;https://onlinelibrary.wiley.com/doi/10.1111/jeu.12692;https://doi.org/10.1111/jeu.12692;Failed metadata pipeline selection
"Breviolum meandrinium voucher STX04_11 large subunit ribosomal RNA gene, partial sequence; chloroplast.";MH745170;Breviolum;meandrinium;Dichocoenia stokesii;Virgin island;NA;NA;17.688089 N;64.791742 W;NA;https://onlinelibrary.wiley.com/doi/10.1111/jeu.12692;https://doi.org/10.1111/jeu.12692;Failed metadata pipeline selection
"Breviolum meandrinium voucher Aq11 large subunit ribosomal RNA gene, partial sequence; chloroplast.";MH745169;Breviolum;meandrinium;Meandrina meandrites;Curacao;NA;NA;12.083278 N;68.895319 W;NA;https://onlinelibrary.wiley.com/doi/10.1111/jeu.12692;https://doi.org/10.1111/jeu.12692;Failed metadata pipeline selection
"Breviolum meandrinium voucher Cur09_29 large subunit ribosomal RNA gene, partial sequence; chloroplast.";MH745168;Breviolum;meandrinium;Meandrina meandrites;Curacao;NA;NA;12.138833 N;68.997731 W;NA;https://onlinelibrary.wiley.com/doi/10.1111/jeu.12692;https://doi.org/10.1111/jeu.12692;Failed metadata pipeline selection
"Breviolum meandrinium voucher Cur09_104 large subunit ribosomal RNA gene, partial sequence; chloroplast.";MH745167;Breviolum;meandrinium;Eusmilia fastigiata;Curacao;NA;NA;12.138833 N;68.997731 W;NA;https://onlinelibrary.wiley.com/doi/10.1111/jeu.12692;https://doi.org/10.1111/jeu.12692;Failed metadata pipeline selection
"Breviolum faviinorum voucher Be02_148 large subunit ribosomal RNA gene, partial sequence; chloroplast.";MH745166;Breviolum;faviinorum;Favia fragum;Belize;NA;NA;16.802714 N;88.080664 W;NA;https://onlinelibrary.wiley.com/doi/10.1111/jeu.12692;https://doi.org/10.1111/jeu.12692;Failed metadata pipeline selection
"Breviolum faviinorum voucher Cur14_72 large subunit ribosomal RNA gene, partial sequence; chloroplast.";MH745165;Breviolum;faviinorum;Diporia labyrinthiformis;Curacao;NA;NA;12.12206 N;68.9697 W;NA;https://onlinelibrary.wiley.com/doi/10.1111/jeu.12692;https://doi.org/10.1111/jeu.12692;Failed metadata pipeline selection
Breviolum dendrogyrum voucher Aq4_2014 large subunit ribosomal RNA gene, partial sequence.;MH728999;Breviolum;dendrogyrum;Dendrogyra cylindrus;Curacao;NA;NA;12.08328 N;68.8953 W;NA;https://onlinelibrary.wiley.com/doi/10.1111/jeu.12692;https://doi.org/10.1111/jeu.12692;Failed metadata pipeline selection
Breviolum meandrinium voucher Car55_2014 large subunit ribosomal RNA gene, partial sequence.;MH728998;Breviolum;meandrinium;Meandrina meandrites;Curacao;NA;NA;12.12206 N;68.9697 W;NA;https://onlinelibrary.wiley.com/doi/10.1111/jeu.12692;https://doi.org/10.1111/jeu.12692;Failed metadata pipeline selection
Breviolum faviinorum voucher Car72_2014 large subunit ribosomal RNA gene, partial sequence.;MH728997;Breviolum;faviinorum;Diploria labyrinthiformis;Curacao;NA;NA;12.12206 N;68.9697 W;NA;https://onlinelibrary.wiley.com/doi/10.1111/jeu.12692;https://doi.org/10.1111/jeu.12692;Failed metadata pipeline selection
Breviolum dendrogyrum voucher US223536 large subunit ribosomal RNA gene, partial sequence.;MH647121;Breviolum;dendrogyrum;Dendrogyra cylindrus;Curacao;NA;NA;12.08328 N;68.8953 W;NA;https://onlinelibrary.wiley.com/doi/10.1111/jeu.12692;https://doi.org/10.1111/jeu.12692;Failed metadata pipeline selection
Breviolum meandrinium voucher US223537 large subunit ribosomal RNA gene, partial sequence.;MH647120;Breviolum;meandrinium;Meandrina meandrites;Curacao;NA;NA;12.12206 N;68.9697 W;NA;https://onlinelibrary.wiley.com/doi/10.1111/jeu.12692;https://doi.org/10.1111/jeu.12692;Failed metadata pipeline selection
Breviolum faviinorum voucher US223535 large subunit ribosomal RNA gene, partial sequence.;MH647119;Breviolum;faviinorum;Diploria labyrinthiformis;Curacao;NA;NA;12.12206 N;68.9697 W;NA;https://onlinelibrary.wiley.com/doi/10.1111/jeu.12692;https://doi.org/10.1111/jeu.12692;Failed metadata pipeline selection
Symbiodinium sp. clade C isolate 6 large subunit ribosomal RNA gene, partial sequence.;FJ626956;Cladocopium;NA;Montastraea cavernosa;USA;NA;NA;NA;NA;NA;https://link.springer.com/article/10.1007/s00227-009-1263-5#Tab1;https://doi.org/10.1007/s00227-009-1263-5;Failed metadata pipeline selection
Symbiodinium sp. clade C isolate 7 large subunit ribosomal RNA gene, partial sequence.;FJ626955;Cladocopium;NA;Agaricia spp.;Bermuda;NA;NA;NA;NA;NA;https://link.springer.com/article/10.1007/s00227-009-1263-5#Tab1;https://doi.org/10.1007/s00227-009-1263-5;Failed metadata pipeline selection
Symbiodinium sp. C15 large subunit ribosomal RNA gene, partial sequence.;AY239387;Cladocopium;C15;NA;NA;NA;NA;NA;NA;NA;https://aslopubs.onlinelibrary.wiley.com/doi/abs/10.4319/lo.2003.48.5.2046;https://doi.org/10.4319/lo.2003.48.5.2046;Failed metadata pipeline selection
Symbiodinium sp. C3 large subunit ribosomal RNA gene, partial sequence.;AY239386;Cladocopium;C3;NA;NA;NA;NA;NA;NA;NA;https://aslopubs.onlinelibrary.wiley.com/doi/abs/10.4319/lo.2003.48.5.2046;https://doi.org/10.4319/lo.2003.48.5.2046;Failed metadata pipeline selection
Symbiodinium sp. C1b large subunit ribosomal RNA gene, partial sequence.;AY239385;Cladocopium;C1b;NA;NA;NA;NA;NA;NA;NA;https://aslopubs.onlinelibrary.wiley.com/doi/abs/10.4319/lo.2003.48.5.2046;https://doi.org/10.4319/lo.2003.48.5.2046;Failed metadata pipeline selection
Symbiodinium sp. C1 large subunit ribosomal RNA gene, partial sequence.;AY239384;Cladocopium;C1;NA;NA;NA;NA;NA;NA;NA;https://aslopubs.onlinelibrary.wiley.com/doi/abs/10.4319/lo.2003.48.5.2046;https://doi.org/10.4319/lo.2003.48.5.2046;Failed metadata pipeline selection
Symbiodinium sp. C17 large subunit ribosomal RNA gene, partial sequence.;AY239383;Cladocopium;C17;NA;NA;NA;NA;NA;NA;NA;https://aslopubs.onlinelibrary.wiley.com/doi/abs/10.4319/lo.2003.48.5.2046;https://doi.org/10.4319/lo.2003.48.5.2046;Failed metadata pipeline selection
Symbiodinium sp. C27 large subunit ribosomal RNA gene, partial sequence.;AY239381;Cladocopium;C27;NA;NA;NA;NA;NA;NA;NA;https://aslopubs.onlinelibrary.wiley.com/doi/abs/10.4319/lo.2003.48.5.2046;https://doi.org/10.4319/lo.2003.48.5.2046;Failed metadata pipeline selection
Symbiodinium sp. clade C isolate Mp large subunit ribosomal RNA gene, partial sequence.;FJ626957;Cladocopium;NA;Mastigias papua;NA;NA;NA;NA;NA;NA;https://link.springer.com/article/10.1007/s00227-009-1263-5#Tab1;https://doi.org/10.1007/s00227-009-1263-5;Failed metadata pipeline selection
"Symbiodinium sp. clade A isolate T internal transcribed spacer 1, partial sequence; 5.8S ribosomal RNA gene, complete sequence; and internal transcribed spacer 2, partial sequence.";FJ626951;Symbiodinium;NA;Tridacna gigas;NA;NA;NA;NA;NA;NA;https://link.springer.com/article/10.1007/s00227-009-1263-5#Tab1;https://doi.org/10.1007/s00227-009-1263-5;Failed metadata pipeline selection
"Symbiodinium sp. clade A isolate 719 internal transcribed spacer 1, partial sequence; 5.8S ribosomal RNA gene, complete sequence; and internal transcribed spacer 2, partial sequence.";FJ626950;Symbiodinium;NA;Pseudoplexaura porosa;NA;NA;NA;NA;NA;NA;https://link.springer.com/article/10.1007/s00227-009-1263-5#Tab1;https://doi.org/10.1007/s00227-009-1263-5;Failed metadata pipeline selection
"Symbiodinium sp. clade_B isolate BB4 23S ribosomal RNA gene, partial sequence; chloroplast gene for chloroplast product.";AF474164;Breviolum;NA;Briareum asbestinum;Florida;Florida keys;NA;NA;NA;NA;https://link.springer.com/article/10.1007/s10126-002-0076-z#citeas;https://doi.org/10.1007/s10126-002-0076-z;Failed metadata pipeline selection
